Time,Met Wind Speed (m/s),Met Wind Direction (deg),Wind Direction (deg) at 299m,Horizontal Wind Speed (m/s) at 299m,Vertical Wind Speed (m/s) at 299m,Wind Direction (deg) at 251m,Horizontal Wind Speed (m/s) at 251m,Vertical Wind Speed (m/s) at 251m,Wind Direction (deg) at 199m,Horizontal Wind Speed (m/s) at 199m,Vertical Wind Speed (m/s) at 199m,Wind Direction (deg) at 179m,Horizontal Wind Speed (m/s) at 179m,Vertical Wind Speed (m/s) at 179m,Wind Direction (deg) at 139m,Horizontal Wind Speed (m/s) at 139m,Vertical Wind Speed (m/s) at 139m,Wind Direction (deg) at 99m,Horizontal Wind Speed (m/s) at 99m,Vertical Wind Speed (m/s) at 99m,Wind Direction (deg) at 79m,Horizontal Wind Speed (m/s) at 79m,Vertical Wind Speed (m/s) at 79m,Wind Direction (deg) at 59m,Horizontal Wind Speed (m/s) at 59m,Vertical Wind Speed (m/s) at 59m,Wind Direction (deg) at 38m,Horizontal Wind Speed (m/s) at 38m,Vertical Wind Speed (m/s) at 38m,Wind Direction (deg) at 19m,Horizontal Wind Speed (m/s) at 19m,Vertical Wind Speed (m/s) at 19m,Wind Direction (deg) at 10m,Horizontal Wind Speed (m/s) at 10m,Vertical Wind Speed (m/s) at 10m,Time_seconds
2020-05-01 00:00:00,5.6006,227.54,223.8781,13.354033333333332,0.09873333333333334,222.02733333333333,13.123266666666666,0.056100000000000004,219.89986666666667,12.365466666666666,0.07683333333333332,218.39223333333334,12.130133333333333,0.08046666666666667,215.9344,11.425233333333333,0.0034999999999999983,212.48376666666667,10.2952,-0.025066666666666664,211.23173333333335,9.585566666666667,-0.008566666666666667,209.6898,9.075266666666666,0.09666666666666666,211.02669999999998,8.617700000000001,0.03490000000000001,208.57066666666665,7.605933333333334,0.16040000000000001,207.61270000000002,7.0738666666666665,0.022866666666666664,340.3
2020-05-01 00:10:00,4.812142857142858,226.15142857142857,222.77057142857143,12.824314285714285,0.08220000000000001,221.28788571428572,12.42837142857143,0.0334,220.03614285714286,11.636057142857142,0.041742857142857144,218.9573142857143,11.369457142857142,0.023828571428571435,216.42668571428572,10.719199999999999,0.057057142857142855,213.8802,9.686771428571427,0.04794285714285714,212.4536,9.248971428571428,0.07211428571428571,211.19288571428572,8.643485714285713,0.06394285714285715,210.59545714285716,8.047657142857142,0.05242857142857143,207.0121142857143,7.4048,-0.004685714285714282,205.27094285714287,6.758085714285714,0.03317142857142858,896.6571428571428
2020-05-01 00:20:00,5.2282,221.15142857142857,222.41408571428573,13.410114285714286,-0.007942857142857149,220.87794285714287,12.950885714285715,0.12125714285714286,220.02417142857144,12.202685714285714,0.1386,218.71031428571428,11.935599999999999,0.10088571428571427,216.2754285714286,11.227628571428571,0.07437142857142857,214.37162857142857,10.287657142857142,0.042428571428571434,213.4402,9.836885714285714,0.12374285714285715,212.90588571428572,9.2556,0.0832,209.98214285714286,8.651857142857143,0.10065714285714286,210.10722857142855,8.0142,0.06874285714285715,208.4646857142857,7.270742857142857,0.0758,1490.6
2020-05-01 00:30:00,6.057555555555556,224.6138888888889,224.1256388888889,14.017472222222223,0.015722222222222224,222.40991666666665,13.823472222222222,-0.06469444444444444,220.8589166666667,13.304777777777778,-0.08030555555555556,220.23941666666667,13.014555555555555,-0.06963888888888889,218.5878611111111,12.253666666666668,-0.042555555555555555,217.1653611111111,11.358916666666666,-0.06669444444444445,216.72877777777776,10.767083333333334,-0.053250000000000006,214.88133333333334,10.31175,0.013194444444444434,213.66080555555556,9.49863888888889,-0.04066666666666667,210.77883333333332,8.772805555555557,0.05341666666666667,210.42197222222222,7.874305555555556,0.04997222222222222,2103.527777777778
2020-05-01 00:40:00,5.5398,231.87428571428572,224.78865714285715,13.378,0.03688571428571429,222.88854285714285,12.963657142857143,0.1196,221.28777142857143,12.184885714285715,0.10674285714285714,220.57514285714285,11.938142857142857,0.12717142857142857,218.81437142857143,11.319228571428571,0.15217142857142857,217.66840000000002,10.5006,0.00534285714285714,216.0848,9.998628571428572,0.06311428571428572,214.59462857142856,9.60742857142857,0.04694285714285714,214.10194285714286,8.959714285714284,0.060428571428571436,213.25582857142857,8.1046,0.07077142857142857,212.72494285714285,7.284342857142857,0.15737142857142858,2707.2285714285713
2020-05-01 00:50:00,5.241428571428571,228.01999999999998,224.3341142857143,12.476571428571429,0.2140857142857143,223.32988571428572,12.086057142857143,0.22351428571428572,221.5404,11.332571428571429,0.18874285714285713,220.67194285714285,10.95442857142857,0.17394285714285715,218.01117142857143,10.408057142857142,0.21957142857142856,215.95642857142857,9.564714285714285,0.22151428571428572,214.51757142857142,9.140114285714285,0.12737142857142858,212.19017142857143,8.586942857142857,0.085,211.22722857142858,7.818514285714286,0.10094285714285714,207.96425714285715,7.134285714285714,0.10588571428571429,207.25902857142856,6.386057142857143,0.0478,3298.5142857142855
2020-05-01 01:00:00,4.6858571428571425,227.54,225.39242857142855,13.4318,0.10888571428571428,224.0994,13.001342857142857,0.040285714285714286,221.56508571428571,12.097771428571429,0.1306,220.21542857142856,11.727628571428571,0.05008571428571429,218.29682857142856,10.861942857142857,0.05188571428571428,215.9278857142857,9.84297142857143,-0.004742857142857143,215.14745714285715,9.200914285714285,0.035685714285714286,213.03331428571428,8.3676,0.11054285714285714,211.979,7.7042,0.09102857142857143,209.69994285714284,7.030457142857143,0.0346,208.0116857142857,6.501628571428571,0.025457142857142862,3901.114285714286
2020-05-01 01:10:00,6.1086857142857145,235.75142857142856,227.2036285714286,14.456228571428571,0.12411428571428572,225.64354285714288,14.171714285714286,0.07531428571428572,223.72097142857143,13.468685714285714,0.014257142857142857,222.9334857142857,12.9684,0.052657142857142854,221.7125714285714,11.917228571428572,0.08322857142857143,219.75174285714286,10.5988,0.08794285714285716,218.8694857142857,10.013457142857144,0.08888571428571429,217.68311428571428,9.366485714285714,0.02594285714285714,217.53282857142858,8.673714285714285,0.12385714285714286,215.81062857142857,7.832114285714287,0.04914285714285714,217.00762857142857,7.301257142857144,0.05217142857142857,4495.457142857143
2020-05-01 01:20:00,5.686857142857143,230.81428571428572,226.25957142857143,14.095542857142856,0.0388,224.91648571428573,13.741914285714286,0.019228571428571428,223.48637142857143,13.187457142857141,0.03471428571428572,222.64165714285713,12.931199999999999,0.04962857142857143,220.68434285714287,12.055857142857143,0.03288571428571429,218.47797142857144,10.993085714285714,-0.01102857142857143,217.4458857142857,10.390828571428571,0.051057142857142856,216.7344857142857,9.599571428571428,0.06822857142857143,215.40102857142858,8.727457142857142,0.17422857142857143,213.95528571428574,7.98197142857143,0.20585714285714285,212.7036857142857,7.299514285714285,0.10791428571428571,5086.4857142857145
2020-05-01 01:30:00,6.327694444444444,232.24166666666667,227.27316666666667,14.48186111111111,-0.04455555555555556,226.1569722222222,14.118138888888888,-0.021166666666666667,224.10708333333332,13.578527777777778,-0.012444444444444439,223.3851388888889,13.209583333333335,-0.02258333333333333,221.29002777777777,12.37363888888889,0.020194444444444445,218.30927777777777,11.215694444444445,0.067,216.95969444444444,10.67913888888889,0.08122222222222224,217.71047222222222,10.19188888888889,0.019055555555555555,216.57844444444444,9.325305555555556,0.024333333333333335,214.49791666666667,8.515527777777777,0.08444444444444445,213.00952777777778,7.358805555555555,0.17508333333333334,5693.055555555556
2020-05-01 01:40:00,6.1748,234.21714285714287,226.7818,14.132171428571429,-0.020085714285714287,225.6389142857143,13.69437142857143,-0.02,223.9841142857143,13.087200000000001,-0.02382857142857143,223.07094285714285,12.743257142857143,-0.0016857142857142871,221.40014285714287,11.905057142857144,0.02102857142857143,219.9102,10.897714285714287,-0.01405714285714286,219.43460000000002,10.327085714285714,0.051,219.81322857142857,9.90542857142857,0.061000000000000006,218.59842857142857,9.1156,0.08651428571428571,215.27322857142858,8.119114285714286,0.11834285714285712,214.83582857142858,7.512942857142858,0.03091428571428571,6294.885714285714
2020-05-01 01:50:00,5.062142857142858,234.0942857142857,227.91528571428572,14.091171428571428,-0.048857142857142856,225.57434285714285,13.208228571428572,-0.04477142857142857,222.2808,11.88557142857143,-0.07894285714285713,220.78931428571428,11.396914285714285,-0.05179999999999999,219.51445714285714,10.342085714285714,-0.046799999999999994,216.9454857142857,9.4698,0.02302857142857143,215.23877142857143,8.8732,0.0877142857142857,214.67637142857143,8.40017142857143,0.03251428571428571,214.85211428571426,7.824057142857143,0.08739999999999999,212.71302857142857,7.040742857142857,0.13599999999999998,212.15797142857144,6.384028571428572,0.10654285714285715,6886.285714285715
