Time,Wind Direction (deg) at 299m,Horizontal Wind Speed (m/s) at 299m,Wind Direction (deg) at 251m,Horizontal Wind Speed (m/s) at 251m,Wind Direction (deg) at 199m,Horizontal Wind Speed (m/s) at 199m,Wind Direction (deg) at 179m,Horizontal Wind Speed (m/s) at 179m,Wind Direction (deg) at 139m,Horizontal Wind Speed (m/s) at 139m,Wind Direction (deg) at 99m,Horizontal Wind Speed (m/s) at 99m,Wind Direction (deg) at 79m,Horizontal Wind Speed (m/s) at 79m,Wind Direction (deg) at 59m,Horizontal Wind Speed (m/s) at 59m,Wind Direction (deg) at 38m,Horizontal Wind Speed (m/s) at 38m,Wind Direction (deg) at 19m,Horizontal Wind Speed (m/s) at 19m,Wind Direction (deg) at 10m,Horizontal Wind Speed (m/s) at 10m
2020-05-01 00:00:00,223.861,13.354,222.034,13.123,219.898,12.365,218.429,12.13,215.94,11.425,212.57,10.295,211.371,9.586,209.768,9.075,211.094,8.618,208.645,7.606,207.274,7.074
2020-05-01 00:10:00,222.764,12.824,221.314,12.428,220.014,11.636,218.938,11.369,216.396,10.719,213.819,9.687,212.429,9.249,211.216,8.644,210.76,8.021,207.355,7.373,205.714,6.697
2020-05-01 00:20:00,222.431,13.41,220.904,12.951,220.006,12.203,218.718,11.936,216.272,11.228,214.35,10.271,213.534,9.801,212.911,9.263,210.028,8.658,209.653,8.042,207.969,7.353
2020-05-01 00:30:00,224.055,14.017,222.357,13.823,220.817,13.305,220.031,13.041,218.365,12.275,217.02,11.35,216.43,10.763,214.858,10.246,213.345,9.494,210.623,8.755,210.225,7.848
2020-05-01 00:40:00,224.769,13.378,222.872,12.964,221.284,12.185,220.921,11.985,219.104,11.353,217.881,10.533,216.274,10.035,214.528,9.656,214.24,8.949,214.12,8.11,213.357,7.295
2020-05-01 00:50:00,224.354,12.477,223.357,12.086,221.533,11.333,220.569,10.879,217.995,10.364,215.786,9.596,214.497,9.196,211.983,8.651,211.084,7.874,207.672,7.179,207.011,6.438
2020-05-01 01:00:00,225.449,13.432,224.166,13.001,221.584,12.098,220.197,11.765,218.241,10.89,216.093,9.818,215.18,9.167,213.211,8.341,212.123,7.694,210.096,7.013,208.309,6.453
2020-05-01 01:10:00,227.22,14.456,225.644,14.172,223.723,13.469,222.99,12.968,221.736,11.917,219.762,10.599,218.869,10.013,217.601,9.366,217.62,8.674,215.833,7.832,216.854,7.301
2020-05-01 01:20:00,226.304,14.095,224.955,13.742,223.528,13.187,222.675,12.931,220.704,12.056,218.414,10.993,217.401,10.391,216.733,9.6,215.562,8.727,214.1,7.982,212.622,7.299
2020-05-01 01:30:00,227.292,14.482,226.206,14.118,224.16,13.578,223.444,13.21,221.349,12.374,218.346,11.216,217.084,10.679,217.762,10.192,216.662,9.325,214.447,8.515,212.832,7.359
2020-05-01 01:40:00,226.82,14.132,225.684,13.694,224.052,13.087,223.125,12.743,221.464,11.905,219.907,10.898,219.509,10.327,220.007,9.905,218.639,9.116,215.485,8.119,215.192,7.513
2020-05-01 01:50:00,227.974,14.091,225.719,13.208,222.373,11.885,220.881,11.397,219.483,10.342,217.248,9.47,215.522,8.873,215.094,8.4,215.12,7.824,212.925,7.041,212.195,6.384
