Time,10.0,19.0,38.0,59.0,79.0,99.0,139.0,179.0,199.0,251.0,299.0
2020-05-01 00:00:00,7.074,7.606,8.618,9.075,9.586,10.295,11.425,12.13,12.365,13.123,13.354
2020-05-01 00:10:00,6.697,7.373,8.021,8.644,9.249,9.687,10.719,11.369,11.636,12.428,12.824
2020-05-01 00:20:00,7.353,8.042,8.658,9.263,9.801,10.271,11.228,11.936,12.203,12.951,13.41
2020-05-01 00:30:00,7.848,8.755,9.494,10.246,10.763,11.35,12.275,13.041,13.305,13.823,14.017
2020-05-01 00:40:00,7.295,8.11,8.949,9.656,10.035,10.533,11.353,11.985,12.185,12.964,13.378
2020-05-01 00:50:00,6.438,7.179,7.874,8.651,9.196,9.596,10.364,10.879,11.333,12.086,12.477
2020-05-01 01:00:00,6.453,7.013,7.694,8.341,9.167,9.818,10.89,11.765,12.098,13.001,13.432
2020-05-01 01:10:00,7.301,7.832,8.674,9.366,10.013,10.599,11.917,12.968,13.469,14.172,14.456
2020-05-01 01:20:00,7.299,7.982,8.727,9.6,10.391,10.993,12.056,12.931,13.187,13.742,14.095
2020-05-01 01:30:00,7.359,8.515,9.325,10.192,10.679,11.216,12.374,13.21,13.578,14.118,14.482
2020-05-01 01:40:00,7.513,8.119,9.116,9.905,10.327,10.898,11.905,12.743,13.087,13.694,14.132
2020-05-01 01:50:00,6.384,7.041,7.824,8.4,8.873,9.47,10.342,11.397,11.885,13.208,14.091
