Time,alpha
2020-05-01 00:00:00,0.1989488479142356
2020-05-01 00:10:00,0.19452347590688196
2020-05-01 00:20:00,0.18311745429681006
2020-05-01 00:30:00,0.1764406054616544
2020-05-01 00:40:00,0.17839652562169264
2020-05-01 00:50:00,0.19988062767090858
2020-05-01 01:00:00,0.22649799747841087
2020-05-01 01:10:00,0.21687677924645746
2020-05-01 01:20:00,0.20704509782481414
2020-05-01 01:30:00,0.20189381160914432
2020-05-01 01:40:00,0.19387707457678366
2020-05-01 01:50:00,0.22934093389555937
2020-05-01 02:00:00,0.21009129383882716
2020-05-01 02:10:00,0.2229158993045829
2020-05-01 02:20:00,0.19999410881879132
2020-05-01 02:30:00,0.24167512994277743
2020-05-01 02:40:00,0.2618322782783826
2020-05-01 02:50:00,0.24715248305624854
2020-05-01 03:00:00,0.26834258389631294
2020-05-01 03:10:00,0.27352119946163317
2020-05-01 03:20:00,0.24899005666705162
2020-05-01 03:30:00,0.22491335419799943
2020-05-01 03:40:00,0.2276817014594903
2020-05-01 03:50:00,0.2671394979807486
2020-05-01 04:00:00,0.25845260194602837
2020-05-01 04:10:00,0.24961390818302678
2020-05-01 04:20:00,0.2633970735244345
2020-05-01 04:30:00,0.19085163000903957
2020-05-01 04:40:00,0.21368907130293968
2020-05-01 04:50:00,0.19042921276119276
2020-05-01 05:00:00,0.2087039088415699
2020-05-01 05:10:00,0.19113783605391768
2020-05-01 05:20:00,0.20527698866507982
2020-05-01 05:30:00,0.22132064027437448
2020-05-01 05:40:00,0.21622696513380937
2020-05-01 05:50:00,0.19461592604918862
2020-05-01 06:00:00,0.17400586092347303
2020-05-01 06:10:00,0.1731741188983969
2020-05-01 06:20:00,0.1675461033212016
2020-05-01 06:30:00,0.143119784169045
2020-05-01 06:40:00,0.15985777466382248
2020-05-01 06:50:00,0.21647717824481166
2020-05-01 07:00:00,0.22872779608605073
2020-05-01 07:10:00,0.2423990043904756
2020-05-01 07:20:00,0.17674184843742846
2020-05-01 07:30:00,0.08541477341151922
2020-05-01 07:40:00,0.07801147868656452
2020-05-01 07:50:00,0.0917411616503604
2020-05-01 08:00:00,0.06936585643164249
2020-05-01 08:10:00,0.11574231672790435
2020-05-01 08:20:00,0.10502399271865752
2020-05-01 08:30:00,0.11516007471589876
2020-05-01 08:40:00,0.15074534627096395
2020-05-01 08:50:00,0.11432210755706233
2020-05-01 09:00:00,0.11239342627787904
2020-05-01 09:10:00,0.0891364085515802
2020-05-01 09:20:00,0.07636927100523404
2020-05-01 09:30:00,0.09185248770315782
2020-05-01 09:40:00,0.107302962628828
2020-05-01 09:50:00,0.10022148177177165
2020-05-01 10:00:00,0.0824118904667485
2020-05-01 10:10:00,0.08882847400531478
2020-05-01 10:20:00,0.09737991613075665
2020-05-01 10:30:00,0.11083250604854251
2020-05-01 10:40:00,0.08913918285573652
2020-05-01 10:50:00,0.1194964089326051
2020-05-01 11:00:00,0.08430071723101186
2020-05-01 11:10:00,0.0817647432702698
2020-05-01 11:20:00,0.08591369711444033
2020-05-01 11:30:00,0.1275020619536532
2020-05-01 11:40:00,0.10885143610358881
2020-05-01 11:50:00,0.10634431520278663
2020-05-01 12:00:00,0.1326991425494623
2020-05-01 12:10:00,0.10191622619485295
2020-05-01 12:20:00,0.10372393589327512
2020-05-01 12:30:00,0.11682020160871892
2020-05-01 12:40:00,0.09298051070798755
2020-05-01 12:50:00,0.16372671085809398
2020-05-01 13:00:00,0.12748517058886805
2020-05-01 13:10:00,0.13078355514492168
2020-05-01 13:20:00,0.06879272063202493
2020-05-01 13:30:00,0.09261345026456785
2020-05-01 13:40:00,0.1228339912669232
2020-05-01 13:50:00,0.05610670466894924
2020-05-01 14:00:00,0.09309726536867621
2020-05-01 14:10:00,0.09463668063115419
2020-05-01 14:20:00,0.090832976516949
2020-05-01 14:30:00,0.1031273437445539
2020-05-01 14:40:00,0.09922142505362841
2020-05-01 14:50:00,0.08870636944254029
2020-05-01 15:00:00,0.07402673152385421
2020-05-01 15:10:00,0.10095406688721678
2020-05-01 15:20:00,0.09223435030711162
2020-05-01 15:30:00,0.10424733391674672
2020-05-01 15:40:00,0.09212316808074131
2020-05-01 15:50:00,0.09035460544346277
2020-05-01 16:00:00,0.11945700722443826
2020-05-01 16:10:00,0.08677676712336305
2020-05-01 16:20:00,0.09288379207193746
2020-05-01 16:30:00,0.07789453321041909
2020-05-01 16:40:00,0.12673323354046856
2020-05-01 16:50:00,0.11527927989374313
2020-05-01 17:00:00,0.11742372110055369
2020-05-01 17:10:00,0.1381273784148217
2020-05-01 17:20:00,0.12893941202406062
2020-05-01 17:30:00,0.1259288220388898
2020-05-01 17:40:00,0.12916495099579975
2020-05-01 17:50:00,0.1981742965307815
2020-05-01 18:00:00,0.1997742176945639
2020-05-01 18:10:00,0.14639537880899103
2020-05-01 18:20:00,0.20465623293156485
2020-05-01 18:30:00,0.22072108456033177
2020-05-01 18:40:00,0.26204832347833934
2020-05-01 18:50:00,0.28736485939530454
2020-05-01 19:00:00,0.2880642903643291
2020-05-01 19:10:00,0.22437150220468766
2020-05-01 19:20:00,0.2542666495170503
2020-05-01 19:30:00,0.2622188580241204
2020-05-01 19:40:00,0.3459625173640443
2020-05-01 19:50:00,0.3519275694089212
2020-05-01 20:00:00,0.31393546960506824
2020-05-01 20:10:00,0.34349402612087576
2020-05-01 20:20:00,0.3037529936606471
2020-05-01 20:30:00,0.25923717222643833
2020-05-01 20:40:00,0.2979802217239128
2020-05-01 20:50:00,0.2822455809080822
2020-05-01 21:00:00,0.3570929253607969
2020-05-01 21:10:00,0.34696668924062046
2020-05-01 21:20:00,0.31057863744365233
2020-05-01 21:30:00,0.24010391181087834
2020-05-01 21:40:00,0.2901077275655463
2020-05-01 21:50:00,0.2800908831701395
2020-05-01 22:00:00,0.2479178511336121
2020-05-01 22:10:00,0.18758196660190052
2020-05-01 22:20:00,0.2292635554961116
2020-05-01 22:30:00,0.28713122894990417
2020-05-01 22:40:00,0.32537089125716506
2020-05-01 22:50:00,0.3348815664231748
2020-05-01 23:00:00,0.28700228484089724
2020-05-01 23:10:00,0.2742593933027006
2020-05-01 23:20:00,0.23507477288886652
2020-05-01 23:30:00,0.23506186155112058
2020-05-01 23:40:00,0.2764321375860973
2020-05-01 23:50:00,0.3500827365138525
2020-05-02 00:00:00,0.39717030520799784
2020-05-02 00:10:00,0.3886314915056813
2020-05-02 00:20:00,0.3776567322738665
2020-05-02 00:30:00,0.31651809011187093
2020-05-02 00:40:00,0.2601960734742872
2020-05-02 00:50:00,0.23590771201789595
2020-05-02 01:00:00,0.2576004419532816
2020-05-02 01:10:00,0.23974153934923556
2020-05-02 01:20:00,0.23913722348867525
2020-05-02 01:30:00,0.2510945237216492
2020-05-02 01:40:00,0.26381355334032996
2020-05-02 01:50:00,0.2707284991139445
2020-05-02 02:00:00,0.33724074000396975
2020-05-02 02:10:00,0.3421116806388491
2020-05-02 02:20:00,0.24741506177423803
2020-05-02 02:30:00,0.3059393248687037
2020-05-02 02:40:00,0.33283510003779904
2020-05-02 02:50:00,0.30173668544217414
2020-05-02 03:00:00,0.3172740444780452
2020-05-02 03:10:00,0.3326100548836803
2020-05-02 03:20:00,0.2513002078939891
2020-05-02 03:30:00,0.1955328425565972
2020-05-02 03:40:00,0.21386141095241773
2020-05-02 03:50:00,0.22902911600232498
2020-05-02 04:00:00,0.20936825006756646
2020-05-02 04:10:00,0.2065518281034809
2020-05-02 04:20:00,0.2757511208544062
2020-05-02 04:30:00,0.2608758189693152
2020-05-02 04:40:00,0.24597886483562006
2020-05-02 04:50:00,0.25581159461475056
2020-05-02 05:00:00,0.30593123234716174
2020-05-02 05:10:00,0.2797088890326138
2020-05-02 05:20:00,0.27016425326286186
2020-05-02 05:30:00,0.28667085010873156
2020-05-02 05:40:00,0.2761760527843649
2020-05-02 05:50:00,0.28640927905181823
2020-05-02 06:00:00,0.312851873531833
2020-05-02 06:10:00,0.20821048621239807
2020-05-02 06:20:00,0.22454537907164948
2020-05-02 06:30:00,0.123357400219855
2020-05-02 06:40:00,0.13947193476119218
2020-05-02 06:50:00,0.14094849683124866
2020-05-02 07:00:00,0.07580390374642129
2020-05-02 07:10:00,0.07741543920937403
2020-05-02 07:20:00,0.16737648577341863
2020-05-02 07:30:00,0.12168739204512317
2020-05-02 07:40:00,0.111978513316488
2020-05-02 07:50:00,0.11793403433690192
2020-05-02 08:00:00,0.163004286741543
2020-05-02 08:10:00,0.12675325253653585
2020-05-02 08:20:00,0.11833860315314777
2020-05-02 08:30:00,0.10155412329414275
2020-05-02 08:40:00,0.11109719170641122
2020-05-02 08:50:00,0.08282225216943687
2020-05-02 09:00:00,0.10475476147191971
2020-05-02 09:10:00,0.09350412690144631
2020-05-02 09:20:00,0.20475189238043146
2020-05-02 09:30:00,0.2302691308787885
2020-05-02 09:40:00,0.09239834663356106
2020-05-02 09:50:00,0.12619284369177727
2020-05-02 10:00:00,0.09206887420975911
2020-05-02 10:10:00,0.10462557335574843
2020-05-02 10:20:00,0.07357476196888979
2020-05-02 10:30:00,0.1092384194908525
2020-05-02 10:40:00,0.09470028983309205
2020-05-02 10:50:00,0.10122229171685361
2020-05-02 11:00:00,0.06708289223779136
2020-05-02 11:10:00,0.10354051692623595
2020-05-02 11:20:00,0.11680125548421307
2020-05-02 11:30:00,0.10255318114680885
2020-05-02 11:40:00,0.08064299653323438
2020-05-02 11:50:00,0.06460648831350861
2020-05-02 12:00:00,0.09423374596214693
2020-05-02 12:10:00,0.09111359033799182
2020-05-02 12:20:00,0.11248854498273168
2020-05-02 12:30:00,0.09143589136694405
2020-05-02 12:40:00,0.10412832200896964
2020-05-02 12:50:00,0.07525231079984682
2020-05-02 13:00:00,0.05955733423853903
2020-05-02 13:10:00,0.11015728231704944
2020-05-02 13:20:00,0.14523626547741472
2020-05-02 13:30:00,0.13350238028920106
2020-05-02 13:40:00,0.10641963693739208
2020-05-02 13:50:00,0.11420703506487977
2020-05-02 14:00:00,0.08287583624298926
2020-05-02 14:10:00,0.10631944580075528
2020-05-02 14:20:00,0.03638000119609062
2020-05-02 14:30:00,0.07689062177073372
2020-05-02 14:40:00,0.05687860886154463
2020-05-02 14:50:00,0.05760653719771168
2020-05-02 15:00:00,0.07880390271390136
2020-05-02 15:10:00,0.10089910280885236
2020-05-02 15:20:00,0.08290796114530018
2020-05-02 15:30:00,0.09889271921744563
2020-05-02 15:40:00,0.10277608914723978
2020-05-02 15:50:00,0.09694101300894803
2020-05-02 16:00:00,0.09131199309980388
2020-05-02 16:10:00,0.1078517889158018
2020-05-02 16:20:00,0.11441559271435639
2020-05-02 16:30:00,0.1066017372641471
2020-05-02 16:40:00,0.06808390223931084
2020-05-02 16:50:00,0.10971884398289174
2020-05-02 17:00:00,0.10453895065494125
2020-05-02 17:10:00,0.09691218681985955
2020-05-02 17:20:00,0.11331159180021916
2020-05-02 17:30:00,0.0756911540027955
2020-05-02 17:40:00,0.1251220479354009
2020-05-02 17:50:00,0.10707460058584005
2020-05-02 18:00:00,0.14512465196105853
2020-05-02 18:10:00,0.21507357413939185
2020-05-02 18:20:00,0.23400987095143225
2020-05-02 18:30:00,0.22974191999327095
2020-05-02 18:40:00,0.23101867726509068
2020-05-02 18:50:00,0.26347535347161516
2020-05-02 19:00:00,0.3400550443562917
2020-05-02 19:10:00,0.342990920650217
2020-05-02 19:20:00,0.3236698379990416
2020-05-02 19:30:00,0.26380417834574393
2020-05-02 19:40:00,0.2855596027163217
2020-05-02 19:50:00,0.26217018265221026
2020-05-02 20:00:00,0.25698326135487215
2020-05-02 20:10:00,0.297551602006834
2020-05-02 20:20:00,0.29764289286773904
2020-05-02 20:30:00,0.2951836400842238
2020-05-02 20:40:00,0.23846362840137522
2020-05-02 20:50:00,0.2420228371999619
2020-05-02 21:00:00,0.30162834464763183
2020-05-02 21:10:00,0.35266843830935424
2020-05-02 21:20:00,0.32214394336113683
2020-05-02 21:30:00,0.3527602167983351
2020-05-02 21:40:00,0.3466758070658853
2020-05-02 21:50:00,0.3450965623807873
2020-05-02 22:00:00,0.31873144451489666
2020-05-02 22:10:00,0.30023194963687566
2020-05-02 22:20:00,0.29100523213009344
2020-05-02 22:30:00,0.3147289653418833
2020-05-02 22:40:00,0.34953529756184065
2020-05-02 22:50:00,0.35768145895971554
2020-05-02 23:00:00,0.41164717449141375
2020-05-02 23:10:00,0.43620270510696674
2020-05-02 23:20:00,0.32811099288703194
2020-05-02 23:30:00,0.33647731879185483
2020-05-02 23:40:00,0.3093563972754711
2020-05-02 23:50:00,0.33998694457829365
