time,height,wind_speed,wind_speed_std,wind_direction,wind_direction_std,air_temp,humidity
2020-05-01 00:00:00.000000000,200.0,12.567982,0.5504983,219.8512,3.4980428,281.05,5.914575
2020-05-01 00:00:00.000000000,140.0,11.578849,0.6853848,215.17084,3.5969994,281.44998,5.9925923
2020-05-01 00:00:00.000000000,10.0,7.26,0.86,199.0,6.1,282.15,6.229405
2020-05-01 00:00:00.000000000,80.0,10.01222,0.8092779,212.44604,4.188835,281.85,6.029853
2020-05-01 00:00:00.000000000,20.0,8.02,0.8,206.40002,5.2,282.15,6.15189
2020-05-01 00:00:00.000000000,40.0,8.852389,0.82829374,206.97913,4.402564,282.05,6.082894
2020-05-01 00:10:00.000017881,140.0,11.236826,0.789278,215.36523,3.5964866,281.44998,5.9925923
2020-05-01 00:10:00.000017881,10.0,6.99,0.72,199.90002,6.0,282.25,6.229405
2020-05-01 00:10:00.000017881,20.0,7.67,0.86,207.5,5.7,282.25,6.15189
2020-05-01 00:10:00.000017881,40.0,8.242195,0.80765224,207.1748,5.1844215,282.15,6.082894
2020-05-01 00:10:00.000017881,80.0,9.51516,0.72634804,212.73822,5.064441,281.85,6.071694
2020-05-01 00:10:00.000017881,200.0,12.376967,0.74760205,218.78186,4.181495,281.05,5.914575
2020-05-01 00:20:00.000035762,80.0,9.952286,0.7264442,213.12775,5.0629473,281.94998,6.030465
2020-05-01 00:20:00.000035762,10.0,7.07,0.96,200.59998,6.9,282.25,6.230032
2020-05-01 00:20:00.000035762,20.0,7.69,0.66,207.29999,6.1,282.25,6.1102123
2020-05-01 00:20:00.000035762,40.0,8.546233,0.9115982,208.25037,5.961818,282.15,6.0835085
2020-05-01 00:20:00.000035762,200.0,12.303908,0.8514096,218.6847,3.9872935,281.05,5.874229
2020-05-01 00:20:00.000035762,140.0,11.331628,0.91400844,215.75403,4.664387,281.44998,5.951809
2020-05-01 00:30:00.000000000,10.0,7.52,1.13,203.79999,7.9,282.35,6.144765
2020-05-01 00:30:00.000000000,80.0,10.766219,0.9551516,214.39288,5.3499656,281.94998,5.947541
